Parola;Conteggio
s;45
chiesa;19
eusebio;13
cardinale;11
tardi;9
due;9
colonne;9
qui;8
fra;8
destra;8
casa;8
tempo;7
roma;7
ix;7
balbina;7
verso;6
titolo;6
sotto;6
sinistra;6
secolo;6
maggiore;6
gregorio;6
dopo;6
anastasia;6
santi;5
reliquie;5
quattro;5
quando;5
prima;5
presso;5
pietro;5
paolo;5
marco;5
iv;5
cardinali;5
cappella;5
altare;5
tutta;4
tre;4
titolari;4
titolare;4
santa;4
porta;4
pontefice;4
pio;4
piazza;4
parte;4
palazzo;4
navata;4
messa;4
l’altar;4
lato;4
giovanni;4
fino;4
divenne;4
dedicata;4
de;4
crocera;4
basilica;4
avanzi;4
viii;3
vergine;3
trovava;3
sull’altare;3
stazioni;3
stato;3
soffitto;3
sisto;3
seconda;3
restauro;3
restauri;3
quaresima;3
presbiterale;3
poi;3
piedi;3
papa;3
palatino;3
ora;3
opera;3
noti;3
monastero;3
martire;3
martedì;3
leone;3
lati;3
iscrizione;3
innocenzo;3
greco;3
gloria;3
giorno;3
già;3
gesuiti;3
febi;3
esso;3
essi;3
disegni;3
dell’abside;3
dato;3
costruito;3
cilone;3
campanile;3
breccia;3
baldi;3
antonio;3
antica;3
1722;3
xiii;2
xii;2
vittorio;2
vincenzo;2
venne;2
valentinus;2
v;2
tuttora;2
troviamo;2
trasformato;2
tomba;2
terme;2
tempi;2
stesso;2
stefano;2
stazione;2
ss;2
serviane;2
semplice;2
sembra;2
sala;2
rovine;2
rossetti;2
rimasero;2
resurrezione;2
regione;2
quindi;2
quadro;2
proprietà;2
primo;2
primi;2
prete;2
portoghese;2
portico;2
portato;2
pochi;2
pittura;2
piccolo;2
pavonazza;2
parrocchia;2
orosio;2
oltre;2
ogni;2
oggi;2
nome;2
nell’antico;2
navate;2
natale;2
muri;2
mura;2
moriva;2
marmorea;2
maria;2
mai;2
l’aspetto;2
leggenda;2
lazzaro;2
lavoro;2
lavori;2
latino;2
lamia;2
interno;2
iii;2
ii;2
girolamo;2
giardino;2
g;2
francesco;2
fiorito;2
festa;2
facciata;2
fa;2
eusebii;2
età;2
essa;2
eretto;2
enriquez;2
enrico;2
emanuele;2
elio;2
edificio;2
duca;2
domenica;2
dipinse;2
dell’arrigucci;2
cunha;2
croce;2
coro;2
città;2
circo;2
cesare;2
centrale;2
celestino;2
castellum;2
campane;2
bonifacio;2
benedetto;2
b;2
arrigoni;2
antoniniane;2
angelo;2
ancora;2
anastasio;2
altri;2
altari;2
allorché;2
alabastro;2
affreschi;2
abitato;2
499;2
494;2
2;2
1877;2
1711;2
1600;2
1556;2
1470;2
zaccaria;1
xvi;1
xiv;1
x;1
volterrano;1
volta;1
vivevano;1
vittoria;1
vita;1
viri;1
villa;1
vii;1
vigne;1
vigna;1
vicino;1
via;1
vetusto;1
venivano;1
venerdì;1
vedono;1
vediamo;1
vede;1
vecchi;1
vaticane;1
vani;1
vangelo;1
uscì;1
usanza;1
urna;1
urbano;1
un’altra;1
unite;1
ufficiali;1
tuttavia;1
turbine;1
trovati;1
trofei;1
tribuno;1
tribuna;1
trevisani;1
trasformazione;1
trasformata;1
trasferì;1
trasferita;1
trajano;1
tradotto;1
traccio;1
traccie;1
torribio;1
tornata;1
tombe;1
tomacelli;1
tolto;1
tipografia;1
tipo;1
timore;1
tevere;1
tenne;1
tenevano;1
tele;1
tauro;1
tanto;1
t;1
surdi;1
suppone;1
suore;1
sull’esquilino;1
sull'aventino;1
subito;1
sub;1
strada;1
stile;1
stessa;1
statue;1
statua;1
statilio;1
stati;1
;